64,2797.7743,3339.4968,1739.6283,3125.0764,2303.9882
100,3232.3356,4101.8468,2120.3651,1792.3146,2942.1496
128,1963.0682,2524.6653,2642.956,1840.455,3251.699
170,3055.46,3872.6593,1942.8432,1877.821,2881.5268
256,1412.3373,1991.8443,1876.7847,2987.3627,1109.5527
350,1924.3568,1892.9272,2761.5054,2444.1367,3397.9244
512,1783.1829,905.0946,789.4581,1061.3358,2836.4177
1024,2856.1987,364.5609,1647.5275,619.0135,727.9291
1900,2009.3463,1988.2687,1293.2725,1857.8929,2820.8282
2048,690.063,311.608,589.4794,1818.7573,2829.8219
3000,1873.5708,1203.1185,2878.8692,2311.6978,1778.971
